model,balancing,class_weight,pearson_top,spearman_top,mutual_info_top,model_importance_top,shap_importance_top
KNN,None,None,"{11: 0.15370859892873284, 4: 0.13501392328793757, 2: 0.09058557450957187, 21: 0.035588253315357025, 19: 0.03237970130067274, 8: 0.02055210208651502, 20: 0.01938541429219227, 27: 0.016034457673705607, 28: 0.009809686547343386, 29: 0.006210969933221341}","{4: 0.06358030267593197, 11: 0.05938899698508365, 2: 0.05097548038162997, 21: 0.035342296474052876, 27: 0.027476777007495092, 8: 0.02399445409576396, 28: 0.021230811293554266, 19: 0.0203829501516154, 20: 0.019973410592419305, 26: 0.005062677799959741}","{'V14': 0.0081352773359461, 'V17': 0.008098974712772211, 'V12': 0.007534426302569952, 'V10': 0.007517714596509406, 'V11': 0.006684594394864796, 'V16': 0.005929638433645579, 'V4': 0.005072768728777932, 'V3': 0.004938654529520692, 'V9': 0.004317941841810002, 'V18': 0.004151303287768027}","{'feature': {0: 'Time', 1: 'V1', 2: 'V2', 3: 'V3', 4: 'V4', 5: 'V5', 6: 'V6', 7: 'V7', 8: 'V8', 9: 'V9'}, 'importance': {0: 0.0, 1: 0.0, 2: 0.0, 3: 0.0, 4: 0.0, 5: 0.0, 6: 0.0, 7: 0.0, 8: 0.0, 9: 0.0}}",None
KNN,None,Balanced,"{11: 0.15370859892873284, 4: 0.13501392328793757, 2: 0.09058557450957187, 21: 0.035588253315357025, 19: 0.03237970130067274, 8: 0.02055210208651502, 20: 0.01938541429219227, 27: 0.016034457673705607, 28: 0.009809686547343386, 29: 0.006210969933221341}","{4: 0.06358030267593197, 11: 0.05938899698508365, 2: 0.05097548038162997, 21: 0.035342296474052876, 27: 0.027476777007495092, 8: 0.02399445409576396, 28: 0.021230811293554266, 19: 0.0203829501516154, 20: 0.019973410592419305, 26: 0.005062677799959741}","{'V14': 0.0081352773359461, 'V17': 0.008098974712772211, 'V12': 0.007534426302569952, 'V10': 0.007517714596509406, 'V11': 0.006684594394864796, 'V16': 0.005929638433645579, 'V4': 0.005072768728777932, 'V3': 0.004938654529520692, 'V9': 0.004317941841810002, 'V18': 0.004151303287768027}","{'feature': {0: 'Time', 1: 'V1', 2: 'V2', 3: 'V3', 4: 'V4', 5: 'V5', 6: 'V6', 7: 'V7', 8: 'V8', 9: 'V9'}, 'importance': {0: 0.0, 1: 0.0, 2: 0.0, 3: 0.0, 4: 0.0, 5: 0.0, 6: 0.0, 7: 0.0, 8: 0.0, 9: 0.0}}",None
KNN,Undersampling,None,"{11: 0.15370859892873284, 4: 0.13501392328793757, 2: 0.09058557450957187, 21: 0.035588253315357025, 19: 0.03237970130067274, 8: 0.02055210208651502, 20: 0.01938541429219227, 27: 0.016034457673705607, 28: 0.009809686547343386, 29: 0.006210969933221341}","{4: 0.06358030267593197, 11: 0.05938899698508365, 2: 0.05097548038162997, 21: 0.035342296474052876, 27: 0.027476777007495092, 8: 0.02399445409576396, 28: 0.021230811293554266, 19: 0.0203829501516154, 20: 0.019973410592419305, 26: 0.005062677799959741}","{'V14': 0.0081352773359461, 'V17': 0.008098974712772211, 'V12': 0.007534426302569952, 'V10': 0.007517714596509406, 'V11': 0.006684594394864796, 'V16': 0.005929638433645579, 'V4': 0.005072768728777932, 'V3': 0.004938654529520692, 'V9': 0.004317941841810002, 'V18': 0.004151303287768027}","{'feature': {0: 'Time', 1: 'V1', 2: 'V2', 3: 'V3', 4: 'V4', 5: 'V5', 6: 'V6', 7: 'V7', 8: 'V8', 9: 'V9'}, 'importance': {0: 0.0, 1: 0.0, 2: 0.0, 3: 0.0, 4: 0.0, 5: 0.0, 6: 0.0, 7: 0.0, 8: 0.0, 9: 0.0}}",None
KNN,Undersampling,Balanced,"{11: 0.15370859892873284, 4: 0.13501392328793757, 2: 0.09058557450957187, 21: 0.035588253315357025, 19: 0.03237970130067274, 8: 0.02055210208651502, 20: 0.01938541429219227, 27: 0.016034457673705607, 28: 0.009809686547343386, 29: 0.006210969933221341}","{4: 0.06358030267593197, 11: 0.05938899698508365, 2: 0.05097548038162997, 21: 0.035342296474052876, 27: 0.027476777007495092, 8: 0.02399445409576396, 28: 0.021230811293554266, 19: 0.0203829501516154, 20: 0.019973410592419305, 26: 0.005062677799959741}","{'V14': 0.0081352773359461, 'V17': 0.008098974712772211, 'V12': 0.007534426302569952, 'V10': 0.007517714596509406, 'V11': 0.006684594394864796, 'V16': 0.005929638433645579, 'V4': 0.005072768728777932, 'V3': 0.004938654529520692, 'V9': 0.004317941841810002, 'V18': 0.004151303287768027}","{'feature': {0: 'Time', 1: 'V1', 2: 'V2', 3: 'V3', 4: 'V4', 5: 'V5', 6: 'V6', 7: 'V7', 8: 'V8', 9: 'V9'}, 'importance': {0: 0.0, 1: 0.0, 2: 0.0, 3: 0.0, 4: 0.0, 5: 0.0, 6: 0.0, 7: 0.0, 8: 0.0, 9: 0.0}}",None
KNN,SMOTE,None,"{11: 0.15370859892873284, 4: 0.13501392328793757, 2: 0.09058557450957187, 21: 0.035588253315357025, 19: 0.03237970130067274, 8: 0.02055210208651502, 20: 0.01938541429219227, 27: 0.016034457673705607, 28: 0.009809686547343386, 29: 0.006210969933221341}","{4: 0.06358030267593197, 11: 0.05938899698508365, 2: 0.05097548038162997, 21: 0.035342296474052876, 27: 0.027476777007495092, 8: 0.02399445409576396, 28: 0.021230811293554266, 19: 0.0203829501516154, 20: 0.019973410592419305, 26: 0.005062677799959741}","{'V14': 0.0081352773359461, 'V17': 0.008098974712772211, 'V12': 0.007534426302569952, 'V10': 0.007517714596509406, 'V11': 0.006684594394864796, 'V16': 0.005929638433645579, 'V4': 0.005072768728777932, 'V3': 0.004938654529520692, 'V9': 0.004317941841810002, 'V18': 0.004151303287768027}","{'feature': {0: 'Time', 1: 'V1', 2: 'V2', 3: 'V3', 4: 'V4', 5: 'V5', 6: 'V6', 7: 'V7', 8: 'V8', 9: 'V9'}, 'importance': {0: 0.0, 1: 0.0, 2: 0.0, 3: 0.0, 4: 0.0, 5: 0.0, 6: 0.0, 7: 0.0, 8: 0.0, 9: 0.0}}",None
KNN,SMOTE,Balanced,"{11: 0.15370859892873284, 4: 0.13501392328793757, 2: 0.09058557450957187, 21: 0.035588253315357025, 19: 0.03237970130067274, 8: 0.02055210208651502, 20: 0.01938541429219227, 27: 0.016034457673705607, 28: 0.009809686547343386, 29: 0.006210969933221341}","{4: 0.06358030267593197, 11: 0.05938899698508365, 2: 0.05097548038162997, 21: 0.035342296474052876, 27: 0.027476777007495092, 8: 0.02399445409576396, 28: 0.021230811293554266, 19: 0.0203829501516154, 20: 0.019973410592419305, 26: 0.005062677799959741}","{'V14': 0.0081352773359461, 'V17': 0.008098974712772211, 'V12': 0.007534426302569952, 'V10': 0.007517714596509406, 'V11': 0.006684594394864796, 'V16': 0.005929638433645579, 'V4': 0.005072768728777932, 'V3': 0.004938654529520692, 'V9': 0.004317941841810002, 'V18': 0.004151303287768027}","{'feature': {0: 'Time', 1: 'V1', 2: 'V2', 3: 'V3', 4: 'V4', 5: 'V5', 6: 'V6', 7: 'V7', 8: 'V8', 9: 'V9'}, 'importance': {0: 0.0, 1: 0.0, 2: 0.0, 3: 0.0, 4: 0.0, 5: 0.0, 6: 0.0, 7: 0.0, 8: 0.0, 9: 0.0}}",None
KNN,SMOTE_Tomek,None,"{11: 0.15370859892873284, 4: 0.13501392328793757, 2: 0.09058557450957187, 21: 0.035588253315357025, 19: 0.03237970130067274, 8: 0.02055210208651502, 20: 0.01938541429219227, 27: 0.016034457673705607, 28: 0.009809686547343386, 29: 0.006210969933221341}","{4: 0.06358030267593197, 11: 0.05938899698508365, 2: 0.05097548038162997, 21: 0.035342296474052876, 27: 0.027476777007495092, 8: 0.02399445409576396, 28: 0.021230811293554266, 19: 0.0203829501516154, 20: 0.019973410592419305, 26: 0.005062677799959741}","{'V14': 0.0081352773359461, 'V17': 0.008098974712772211, 'V12': 0.007534426302569952, 'V10': 0.007517714596509406, 'V11': 0.006684594394864796, 'V16': 0.005929638433645579, 'V4': 0.005072768728777932, 'V3': 0.004938654529520692, 'V9': 0.004317941841810002, 'V18': 0.004151303287768027}","{'feature': {0: 'Time', 1: 'V1', 2: 'V2', 3: 'V3', 4: 'V4', 5: 'V5', 6: 'V6', 7: 'V7', 8: 'V8', 9: 'V9'}, 'importance': {0: 0.0, 1: 0.0, 2: 0.0, 3: 0.0, 4: 0.0, 5: 0.0, 6: 0.0, 7: 0.0, 8: 0.0, 9: 0.0}}",None
KNN,SMOTE_Tomek,Balanced,"{11: 0.15370859892873284, 4: 0.13501392328793757, 2: 0.09058557450957187, 21: 0.035588253315357025, 19: 0.03237970130067274, 8: 0.02055210208651502, 20: 0.01938541429219227, 27: 0.016034457673705607, 28: 0.009809686547343386, 29: 0.006210969933221341}","{4: 0.06358030267593197, 11: 0.05938899698508365, 2: 0.05097548038162997, 21: 0.035342296474052876, 27: 0.027476777007495092, 8: 0.02399445409576396, 28: 0.021230811293554266, 19: 0.0203829501516154, 20: 0.019973410592419305, 26: 0.005062677799959741}","{'V14': 0.0081352773359461, 'V17': 0.008098974712772211, 'V12': 0.007534426302569952, 'V10': 0.007517714596509406, 'V11': 0.006684594394864796, 'V16': 0.005929638433645579, 'V4': 0.005072768728777932, 'V3': 0.004938654529520692, 'V9': 0.004317941841810002, 'V18': 0.004151303287768027}","{'feature': {0: 'Time', 1: 'V1', 2: 'V2', 3: 'V3', 4: 'V4', 5: 'V5', 6: 'V6', 7: 'V7', 8: 'V8', 9: 'V9'}, 'importance': {0: 0.0, 1: 0.0, 2: 0.0, 3: 0.0, 4: 0.0, 5: 0.0, 6: 0.0, 7: 0.0, 8: 0.0, 9: 0.0}}",None
KNN,ClusterCentroids,None,"{11: 0.15370859892873284, 4: 0.13501392328793757, 2: 0.09058557450957187, 21: 0.035588253315357025, 19: 0.03237970130067274, 8: 0.02055210208651502, 20: 0.01938541429219227, 27: 0.016034457673705607, 28: 0.009809686547343386, 29: 0.006210969933221341}","{4: 0.06358030267593197, 11: 0.05938899698508365, 2: 0.05097548038162997, 21: 0.035342296474052876, 27: 0.027476777007495092, 8: 0.02399445409576396, 28: 0.021230811293554266, 19: 0.0203829501516154, 20: 0.019973410592419305, 26: 0.005062677799959741}","{'V14': 0.0081352773359461, 'V17': 0.008098974712772211, 'V12': 0.007534426302569952, 'V10': 0.007517714596509406, 'V11': 0.006684594394864796, 'V16': 0.005929638433645579, 'V4': 0.005072768728777932, 'V3': 0.004938654529520692, 'V9': 0.004317941841810002, 'V18': 0.004151303287768027}","{'feature': {0: 'Time', 1: 'V1', 2: 'V2', 3: 'V3', 4: 'V4', 5: 'V5', 6: 'V6', 7: 'V7', 8: 'V8', 9: 'V9'}, 'importance': {0: 0.0, 1: 0.0, 2: 0.0, 3: 0.0, 4: 0.0, 5: 0.0, 6: 0.0, 7: 0.0, 8: 0.0, 9: 0.0}}",None
KNN,ClusterCentroids,Balanced,"{11: 0.15370859892873284, 4: 0.13501392328793757, 2: 0.09058557450957187, 21: 0.035588253315357025, 19: 0.03237970130067274, 8: 0.02055210208651502, 20: 0.01938541429219227, 27: 0.016034457673705607, 28: 0.009809686547343386, 29: 0.006210969933221341}","{4: 0.06358030267593197, 11: 0.05938899698508365, 2: 0.05097548038162997, 21: 0.035342296474052876, 27: 0.027476777007495092, 8: 0.02399445409576396, 28: 0.021230811293554266, 19: 0.0203829501516154, 20: 0.019973410592419305, 26: 0.005062677799959741}","{'V14': 0.0081352773359461, 'V17': 0.008098974712772211, 'V12': 0.007534426302569952, 'V10': 0.007517714596509406, 'V11': 0.006684594394864796, 'V16': 0.005929638433645579, 'V4': 0.005072768728777932, 'V3': 0.004938654529520692, 'V9': 0.004317941841810002, 'V18': 0.004151303287768027}","{'feature': {0: 'Time', 1: 'V1', 2: 'V2', 3: 'V3', 4: 'V4', 5: 'V5', 6: 'V6', 7: 'V7', 8: 'V8', 9: 'V9'}, 'importance': {0: 0.0, 1: 0.0, 2: 0.0, 3: 0.0, 4: 0.0, 5: 0.0, 6: 0.0, 7: 0.0, 8: 0.0, 9: 0.0}}",None
Logistic Regression,None,None,"{11: 0.15370859892873284, 4: 0.13501392328793757, 2: 0.09058557450957187, 21: 0.035588253315357025, 19: 0.03237970130067274, 8: 0.02055210208651502, 20: 0.01938541429219227, 27: 0.016034457673705607, 28: 0.009809686547343386, 29: 0.006210969933221341}","{4: 0.06358030267593197, 11: 0.05938899698508365, 2: 0.05097548038162997, 21: 0.035342296474052876, 27: 0.027476777007495092, 8: 0.02399445409576396, 28: 0.021230811293554266, 19: 0.0203829501516154, 20: 0.019973410592419305, 26: 0.005062677799959741}","{'V14': 0.0081352773359461, 'V17': 0.008098974712772211, 'V12': 0.007534426302569952, 'V10': 0.007517714596509406, 'V11': 0.006684594394864796, 'V16': 0.005929638433645579, 'V4': 0.005072768728777932, 'V3': 0.004938654529520692, 'V9': 0.004317941841810002, 'V18': 0.004151303287768027}","{'feature': {0: 'V25', 1: 'V15', 2: 'V14', 3: 'V22', 4: 'V21', 5: 'V4', 6: 'V3', 7: 'V10', 8: 'V11', 9: 'V13'}, 'importance': {0: 1.1015623585012513, 1: 0.894214203367316, 2: 0.8328684569064916, 3: 0.8256905310076186, 4: 0.7090635231197663, 5: 0.6896345786370535, 6: 0.5883688167852378, 7: 0.5852871577473384, 8: 0.5561019645033715, 9: 0.5459412490495575}}","{'feature': {0: 'Time', 4: 'V4', 3: 'V3', 15: 'V15', 14: 'V14', 22: 'V22', 11: 'V11', 25: 'V25', 13: 'V13', 10: 'V10'}, 'shap_importance': {0: 1.5325855804501796, 4: 0.7367886036778163, 3: 0.6780493342628278, 15: 0.649184020520015, 14: 0.5478351894391977, 22: 0.4846006622281059, 11: 0.46706374474339307, 25: 0.44463404866759193, 13: 0.4277558140686858, 10: 0.41147064245776693}}"
Logistic Regression,None,Balanced,"{11: 0.15370859892873284, 4: 0.13501392328793757, 2: 0.09058557450957187, 21: 0.035588253315357025, 19: 0.03237970130067274, 8: 0.02055210208651502, 20: 0.01938541429219227, 27: 0.016034457673705607, 28: 0.009809686547343386, 29: 0.006210969933221341}","{4: 0.06358030267593197, 11: 0.05938899698508365, 2: 0.05097548038162997, 21: 0.035342296474052876, 27: 0.027476777007495092, 8: 0.02399445409576396, 28: 0.021230811293554266, 19: 0.0203829501516154, 20: 0.019973410592419305, 26: 0.005062677799959741}","{'V14': 0.0081352773359461, 'V17': 0.008098974712772211, 'V12': 0.007534426302569952, 'V10': 0.007517714596509406, 'V11': 0.006684594394864796, 'V16': 0.005929638433645579, 'V4': 0.005072768728777932, 'V3': 0.004938654529520692, 'V9': 0.004317941841810002, 'V18': 0.004151303287768027}","{'feature': {0: 'V14', 1: 'V4', 2: 'V22', 3: 'V10', 4: 'V16', 5: 'V12', 6: 'V17', 7: 'V8', 8: 'V25', 9: 'V13'}, 'importance': {0: 1.2637232287655784, 1: 0.9793885918513137, 2: 0.8854704734840377, 3: 0.7709348881606527, 4: 0.6992067905811323, 5: 0.634645192797863, 6: 0.5845592066383412, 7: 0.5673589989971585, 8: 0.528648416605972, 9: 0.47443415340999306}}","{'feature': {4: 'V4', 0: 'Time', 14: 'V14', 10: 'V10', 22: 'V22', 12: 'V12', 16: 'V16', 1: 'V1', 13: 'V13', 3: 'V3'}, 'shap_importance': {4: 1.046354657091357, 0: 1.0231893386629067, 14: 0.8312381729534515, 10: 0.5419853648343871, 22: 0.5196857196729069, 12: 0.45212122038020364, 16: 0.4509710937048048, 1: 0.40217439325228316, 13: 0.3717285841053158, 3: 0.3538323894946556}}"
Logistic Regression,Undersampling,None,"{11: 0.15370859892873284, 4: 0.13501392328793757, 2: 0.09058557450957187, 21: 0.035588253315357025, 19: 0.03237970130067274, 8: 0.02055210208651502, 20: 0.01938541429219227, 27: 0.016034457673705607, 28: 0.009809686547343386, 29: 0.006210969933221341}","{4: 0.06358030267593197, 11: 0.05938899698508365, 2: 0.05097548038162997, 21: 0.035342296474052876, 27: 0.027476777007495092, 8: 0.02399445409576396, 28: 0.021230811293554266, 19: 0.0203829501516154, 20: 0.019973410592419305, 26: 0.005062677799959741}","{'V14': 0.0081352773359461, 'V17': 0.008098974712772211, 'V12': 0.007534426302569952, 'V10': 0.007517714596509406, 'V11': 0.006684594394864796, 'V16': 0.005929638433645579, 'V4': 0.005072768728777932, 'V3': 0.004938654529520692, 'V9': 0.004317941841810002, 'V18': 0.004151303287768027}","{'feature': {0: 'V14', 1: 'V12', 2: 'V4', 3: 'V8', 4: 'V16', 5: 'V17', 6: 'V22', 7: 'V20', 8: 'V23', 9: 'V10'}, 'importance': {0: 1.6305022986260258, 1: 1.1234169373341276, 2: 1.0557415905366672, 3: 0.7091922644751698, 4: 0.617894389146204, 5: 0.5355502387525942, 6: 0.5338563009407743, 7: 0.5280999994584689, 8: 0.5260352843988837, 9: 0.4783559931058537}}","{'feature': {14: 'V14', 12: 'V12', 4: 'V4', 17: 'V17', 3: 'V3', 16: 'V16', 8: 'V8', 10: 'V10', 1: 'V1', 2: 'V2'}, 'shap_importance': {14: 6.479625107870771, 12: 4.007591107667695, 4: 2.7401477663697116, 17: 2.311184179792435, 3: 1.736490269381727, 16: 1.5797838026988904, 8: 1.562423942261363, 10: 1.5574609880763304, 1: 1.0820959600682485, 2: 0.9706085774445287}}"
Logistic Regression,Undersampling,Balanced,"{11: 0.15370859892873284, 4: 0.13501392328793757, 2: 0.09058557450957187, 21: 0.035588253315357025, 19: 0.03237970130067274, 8: 0.02055210208651502, 20: 0.01938541429219227, 27: 0.016034457673705607, 28: 0.009809686547343386, 29: 0.006210969933221341}","{4: 0.06358030267593197, 11: 0.05938899698508365, 2: 0.05097548038162997, 21: 0.035342296474052876, 27: 0.027476777007495092, 8: 0.02399445409576396, 28: 0.021230811293554266, 19: 0.0203829501516154, 20: 0.019973410592419305, 26: 0.005062677799959741}","{'V14': 0.0081352773359461, 'V17': 0.008098974712772211, 'V12': 0.007534426302569952, 'V10': 0.007517714596509406, 'V11': 0.006684594394864796, 'V16': 0.005929638433645579, 'V4': 0.005072768728777932, 'V3': 0.004938654529520692, 'V9': 0.004317941841810002, 'V18': 0.004151303287768027}","{'feature': {0: 'V14', 1: 'V12', 2: 'V4', 3: 'V8', 4: 'V16', 5: 'V17', 6: 'V22', 7: 'V20', 8: 'V23', 9: 'V10'}, 'importance': {0: 1.6305022986260258, 1: 1.1234169373341276, 2: 1.0557415905366672, 3: 0.7091922644751698, 4: 0.617894389146204, 5: 0.5355502387525942, 6: 0.5338563009407743, 7: 0.5280999994584689, 8: 0.5260352843988837, 9: 0.4783559931058537}}","{'feature': {14: 'V14', 12: 'V12', 4: 'V4', 17: 'V17', 3: 'V3', 16: 'V16', 8: 'V8', 10: 'V10', 1: 'V1', 2: 'V2'}, 'shap_importance': {14: 6.479625107870771, 12: 4.007591107667695, 4: 2.7401477663697116, 17: 2.311184179792435, 3: 1.736490269381727, 16: 1.5797838026988904, 8: 1.562423942261363, 10: 1.5574609880763304, 1: 1.0820959600682485, 2: 0.9706085774445287}}"
Logistic Regression,SMOTE,None,"{11: 0.15370859892873284, 4: 0.13501392328793757, 2: 0.09058557450957187, 21: 0.035588253315357025, 19: 0.03237970130067274, 8: 0.02055210208651502, 20: 0.01938541429219227, 27: 0.016034457673705607, 28: 0.009809686547343386, 29: 0.006210969933221341}","{4: 0.06358030267593197, 11: 0.05938899698508365, 2: 0.05097548038162997, 21: 0.035342296474052876, 27: 0.027476777007495092, 8: 0.02399445409576396, 28: 0.021230811293554266, 19: 0.0203829501516154, 20: 0.019973410592419305, 26: 0.005062677799959741}","{'V14': 0.0081352773359461, 'V17': 0.008098974712772211, 'V12': 0.007534426302569952, 'V10': 0.007517714596509406, 'V11': 0.006684594394864796, 'V16': 0.005929638433645579, 'V4': 0.005072768728777932, 'V3': 0.004938654529520692, 'V9': 0.004317941841810002, 'V18': 0.004151303287768027}","{'feature': {0: 'V14', 1: 'V17', 2: 'V12', 3: 'V10', 4: 'V4', 5: 'V16', 6: 'V22', 7: 'V9', 8: 'V25', 9: 'V11'}, 'importance': {0: 2.1264583392547407, 1: 1.8960209479154468, 2: 1.5633841644391624, 3: 1.54233377179286, 4: 1.1722231368672262, 5: 1.1315644813910632, 6: 0.9060538171552475, 7: 0.8757438561808935, 8: 0.8240448301413624, 9: 0.82221155540233}}","{'feature': {17: 'V17', 14: 'V14', 12: 'V12', 10: 'V10', 4: 'V4', 16: 'V16', 1: 'V1', 11: 'V11', 8: 'V8', 9: 'V9'}, 'shap_importance': {17: 8.033186236928715, 14: 8.003760088487564, 12: 5.420134023859418, 10: 4.87971258616092, 4: 2.9545123146212884, 16: 2.863305037606553, 1: 1.905747772718001, 11: 1.7305986355565044, 8: 1.4792584428190643, 9: 1.4023327102028862}}"
Logistic Regression,SMOTE,Balanced,"{11: 0.15370859892873284, 4: 0.13501392328793757, 2: 0.09058557450957187, 21: 0.035588253315357025, 19: 0.03237970130067274, 8: 0.02055210208651502, 20: 0.01938541429219227, 27: 0.016034457673705607, 28: 0.009809686547343386, 29: 0.006210969933221341}","{4: 0.06358030267593197, 11: 0.05938899698508365, 2: 0.05097548038162997, 21: 0.035342296474052876, 27: 0.027476777007495092, 8: 0.02399445409576396, 28: 0.021230811293554266, 19: 0.0203829501516154, 20: 0.019973410592419305, 26: 0.005062677799959741}","{'V14': 0.0081352773359461, 'V17': 0.008098974712772211, 'V12': 0.007534426302569952, 'V10': 0.007517714596509406, 'V11': 0.006684594394864796, 'V16': 0.005929638433645579, 'V4': 0.005072768728777932, 'V3': 0.004938654529520692, 'V9': 0.004317941841810002, 'V18': 0.004151303287768027}","{'feature': {0: 'V14', 1: 'V17', 2: 'V12', 3: 'V10', 4: 'V4', 5: 'V16', 6: 'V22', 7: 'V9', 8: 'V25', 9: 'V11'}, 'importance': {0: 2.1264583392547407, 1: 1.8960209479154468, 2: 1.5633841644391624, 3: 1.54233377179286, 4: 1.1722231368672262, 5: 1.1315644813910632, 6: 0.9060538171552475, 7: 0.8757438561808935, 8: 0.8240448301413624, 9: 0.82221155540233}}","{'feature': {17: 'V17', 14: 'V14', 12: 'V12', 10: 'V10', 4: 'V4', 16: 'V16', 1: 'V1', 11: 'V11', 8: 'V8', 9: 'V9'}, 'shap_importance': {17: 8.033186236928715, 14: 8.003760088487564, 12: 5.420134023859418, 10: 4.87971258616092, 4: 2.9545123146212884, 16: 2.863305037606553, 1: 1.905747772718001, 11: 1.7305986355565044, 8: 1.4792584428190643, 9: 1.4023327102028862}}"
Logistic Regression,SMOTE_Tomek,None,"{11: 0.15370859892873284, 4: 0.13501392328793757, 2: 0.09058557450957187, 21: 0.035588253315357025, 19: 0.03237970130067274, 8: 0.02055210208651502, 20: 0.01938541429219227, 27: 0.016034457673705607, 28: 0.009809686547343386, 29: 0.006210969933221341}","{4: 0.06358030267593197, 11: 0.05938899698508365, 2: 0.05097548038162997, 21: 0.035342296474052876, 27: 0.027476777007495092, 8: 0.02399445409576396, 28: 0.021230811293554266, 19: 0.0203829501516154, 20: 0.019973410592419305, 26: 0.005062677799959741}","{'V14': 0.0081352773359461, 'V17': 0.008098974712772211, 'V12': 0.007534426302569952, 'V10': 0.007517714596509406, 'V11': 0.006684594394864796, 'V16': 0.005929638433645579, 'V4': 0.005072768728777932, 'V3': 0.004938654529520692, 'V9': 0.004317941841810002, 'V18': 0.004151303287768027}","{'feature': {0: 'V14', 1: 'V17', 2: 'V12', 3: 'V16', 4: 'V10', 5: 'V4', 6: 'V22', 7: 'V25', 8: 'V9', 9: 'V13'}, 'importance': {0: 2.393431429257739, 1: 2.080383732264866, 2: 1.4463085325204053, 3: 1.2897439977357372, 4: 1.2829131555786066, 5: 1.1222841002569044, 6: 1.0842350516974688, 7: 0.8963919972195502, 8: 0.893206165151907, 9: 0.8151352561730008}}","{'feature': {14: 'V14', 17: 'V17', 12: 'V12', 10: 'V10', 16: 'V16', 4: 'V4', 3: 'V3', 1: 'V1', 9: 'V9', 8: 'V8'}, 'shap_importance': {14: 9.430325819104205, 17: 9.079017447352694, 12: 5.340889741768563, 10: 4.330454988068828, 16: 3.4035544965252105, 4: 2.9593195257661815, 3: 2.3198973441376993, 1: 1.5987192303624798, 9: 1.4739951552711934, 8: 1.3682578462241635}}"
Logistic Regression,SMOTE_Tomek,Balanced,"{11: 0.15370859892873284, 4: 0.13501392328793757, 2: 0.09058557450957187, 21: 0.035588253315357025, 19: 0.03237970130067274, 8: 0.02055210208651502, 20: 0.01938541429219227, 27: 0.016034457673705607, 28: 0.009809686547343386, 29: 0.006210969933221341}","{4: 0.06358030267593197, 11: 0.05938899698508365, 2: 0.05097548038162997, 21: 0.035342296474052876, 27: 0.027476777007495092, 8: 0.02399445409576396, 28: 0.021230811293554266, 19: 0.0203829501516154, 20: 0.019973410592419305, 26: 0.005062677799959741}","{'V14': 0.0081352773359461, 'V17': 0.008098974712772211, 'V12': 0.007534426302569952, 'V10': 0.007517714596509406, 'V11': 0.006684594394864796, 'V16': 0.005929638433645579, 'V4': 0.005072768728777932, 'V3': 0.004938654529520692, 'V9': 0.004317941841810002, 'V18': 0.004151303287768027}","{'feature': {0: 'V14', 1: 'V17', 2: 'V12', 3: 'V16', 4: 'V10', 5: 'V4', 6: 'V22', 7: 'V25', 8: 'V9', 9: 'V13'}, 'importance': {0: 2.393431429257739, 1: 2.080383732264866, 2: 1.4463085325204053, 3: 1.2897439977357372, 4: 1.2829131555786066, 5: 1.1222841002569044, 6: 1.0842350516974688, 7: 0.8963919972195502, 8: 0.893206165151907, 9: 0.8151352561730008}}","{'feature': {14: 'V14', 17: 'V17', 12: 'V12', 10: 'V10', 16: 'V16', 4: 'V4', 3: 'V3', 1: 'V1', 9: 'V9', 8: 'V8'}, 'shap_importance': {14: 9.430325819104205, 17: 9.079017447352694, 12: 5.340889741768563, 10: 4.330454988068828, 16: 3.4035544965252105, 4: 2.9593195257661815, 3: 2.3198973441376993, 1: 1.5987192303624798, 9: 1.4739951552711934, 8: 1.3682578462241635}}"
Logistic Regression,ClusterCentroids,None,"{11: 0.15370859892873284, 4: 0.13501392328793757, 2: 0.09058557450957187, 21: 0.035588253315357025, 19: 0.03237970130067274, 8: 0.02055210208651502, 20: 0.01938541429219227, 27: 0.016034457673705607, 28: 0.009809686547343386, 29: 0.006210969933221341}","{4: 0.06358030267593197, 11: 0.05938899698508365, 2: 0.05097548038162997, 21: 0.035342296474052876, 27: 0.027476777007495092, 8: 0.02399445409576396, 28: 0.021230811293554266, 19: 0.0203829501516154, 20: 0.019973410592419305, 26: 0.005062677799959741}","{'V14': 0.0081352773359461, 'V17': 0.008098974712772211, 'V12': 0.007534426302569952, 'V10': 0.007517714596509406, 'V11': 0.006684594394864796, 'V16': 0.005929638433645579, 'V4': 0.005072768728777932, 'V3': 0.004938654529520692, 'V9': 0.004317941841810002, 'V18': 0.004151303287768027}","{'feature': {0: 'V4', 1: 'V14', 2: 'V10', 3: 'V13', 4: 'V22', 5: 'V6', 6: 'V16', 7: 'V26', 8: 'V18', 9: 'V7'}, 'importance': {0: 2.8431175234240755, 1: 1.9431262190453973, 2: 1.5226123404404224, 3: 1.3945012213736478, 4: 1.3047389956366622, 5: 1.1472600908197466, 6: 1.003906451157814, 7: 0.7948824448923785, 8: 0.7625908819431316, 9: 0.6503701013843044}}","{'feature': {14: 'V14', 4: 'V4', 10: 'V10', 7: 'V7', 16: 'V16', 1: 'V1', 6: 'V6', 3: 'V3', 5: 'V5', 18: 'V18'}, 'shap_importance': {14: 7.722205002105321, 4: 7.524209787060835, 10: 4.981894490308379, 7: 3.0457302804461674, 16: 2.7058070176415105, 1: 2.0772492750364124, 6: 1.970596626034902, 3: 1.5973023104066648, 5: 1.2702703561390094, 18: 1.1978747984838067}}"
Logistic Regression,ClusterCentroids,Balanced,"{11: 0.15370859892873284, 4: 0.13501392328793757, 2: 0.09058557450957187, 21: 0.035588253315357025, 19: 0.03237970130067274, 8: 0.02055210208651502, 20: 0.01938541429219227, 27: 0.016034457673705607, 28: 0.009809686547343386, 29: 0.006210969933221341}","{4: 0.06358030267593197, 11: 0.05938899698508365, 2: 0.05097548038162997, 21: 0.035342296474052876, 27: 0.027476777007495092, 8: 0.02399445409576396, 28: 0.021230811293554266, 19: 0.0203829501516154, 20: 0.019973410592419305, 26: 0.005062677799959741}","{'V14': 0.0081352773359461, 'V17': 0.008098974712772211, 'V12': 0.007534426302569952, 'V10': 0.007517714596509406, 'V11': 0.006684594394864796, 'V16': 0.005929638433645579, 'V4': 0.005072768728777932, 'V3': 0.004938654529520692, 'V9': 0.004317941841810002, 'V18': 0.004151303287768027}","{'feature': {0: 'V4', 1: 'V14', 2: 'V10', 3: 'V13', 4: 'V22', 5: 'V6', 6: 'V16', 7: 'V26', 8: 'V18', 9: 'V7'}, 'importance': {0: 2.8431175234240755, 1: 1.9431262190453973, 2: 1.5226123404404224, 3: 1.3945012213736478, 4: 1.3047389956366622, 5: 1.1472600908197466, 6: 1.003906451157814, 7: 0.7948824448923785, 8: 0.7625908819431316, 9: 0.6503701013843044}}","{'feature': {14: 'V14', 4: 'V4', 10: 'V10', 7: 'V7', 16: 'V16', 1: 'V1', 6: 'V6', 3: 'V3', 5: 'V5', 18: 'V18'}, 'shap_importance': {14: 7.722205002105321, 4: 7.524209787060835, 10: 4.981894490308379, 7: 3.0457302804461674, 16: 2.7058070176415105, 1: 2.0772492750364124, 6: 1.970596626034902, 3: 1.5973023104066648, 5: 1.2702703561390094, 18: 1.1978747984838067}}"
Random Forest,None,None,"{11: 0.15370859892873284, 4: 0.13501392328793757, 2: 0.09058557450957187, 21: 0.035588253315357025, 19: 0.03237970130067274, 8: 0.02055210208651502, 20: 0.01938541429219227, 27: 0.016034457673705607, 28: 0.009809686547343386, 29: 0.006210969933221341}","{4: 0.06358030267593197, 11: 0.05938899698508365, 2: 0.05097548038162997, 21: 0.035342296474052876, 27: 0.027476777007495092, 8: 0.02399445409576396, 28: 0.021230811293554266, 19: 0.0203829501516154, 20: 0.019973410592419305, 26: 0.005062677799959741}","{'V14': 0.0081352773359461, 'V17': 0.008098974712772211, 'V12': 0.007534426302569952, 'V10': 0.007517714596509406, 'V11': 0.006684594394864796, 'V16': 0.005929638433645579, 'V4': 0.005072768728777932, 'V3': 0.004938654529520692, 'V9': 0.004317941841810002, 'V18': 0.004151303287768027}","{'feature': {0: 'V17', 1: 'V14', 2: 'V12', 3: 'V10', 4: 'V16', 5: 'V11', 6: 'V9', 7: 'V4', 8: 'V18', 9: 'V7'}, 'importance': {0: 0.17032464398599656, 1: 0.136363302293682, 2: 0.13332605926400004, 3: 0.07407348013162479, 4: 0.07179221419070769, 5: 0.045277296058152394, 6: 0.031126732639842256, 7: 0.030496322139884714, 8: 0.028156246497012868, 9: 0.024627129135368978}}",None
Random Forest,None,Balanced,"{11: 0.15370859892873284, 4: 0.13501392328793757, 2: 0.09058557450957187, 21: 0.035588253315357025, 19: 0.03237970130067274, 8: 0.02055210208651502, 20: 0.01938541429219227, 27: 0.016034457673705607, 28: 0.009809686547343386, 29: 0.006210969933221341}","{4: 0.06358030267593197, 11: 0.05938899698508365, 2: 0.05097548038162997, 21: 0.035342296474052876, 27: 0.027476777007495092, 8: 0.02399445409576396, 28: 0.021230811293554266, 19: 0.0203829501516154, 20: 0.019973410592419305, 26: 0.005062677799959741}","{'V14': 0.0081352773359461, 'V17': 0.008098974712772211, 'V12': 0.007534426302569952, 'V10': 0.007517714596509406, 'V11': 0.006684594394864796, 'V16': 0.005929638433645579, 'V4': 0.005072768728777932, 'V3': 0.004938654529520692, 'V9': 0.004317941841810002, 'V18': 0.004151303287768027}","{'feature': {0: 'V14', 1: 'V10', 2: 'V12', 3: 'V4', 4: 'V17', 5: 'V3', 6: 'V11', 7: 'V16', 8: 'V2', 9: 'V9'}, 'importance': {0: 0.1798566292662829, 1: 0.11544243080218056, 2: 0.09620640675639695, 3: 0.09564638973813987, 4: 0.09511264838374607, 5: 0.0686694650035517, 6: 0.056112333944723085, 7: 0.040302500073390465, 8: 0.036264568704660397, 9: 0.026887872965560645}}",None
Random Forest,Undersampling,None,"{11: 0.15370859892873284, 4: 0.13501392328793757, 2: 0.09058557450957187, 21: 0.035588253315357025, 19: 0.03237970130067274, 8: 0.02055210208651502, 20: 0.01938541429219227, 27: 0.016034457673705607, 28: 0.009809686547343386, 29: 0.006210969933221341}","{4: 0.06358030267593197, 11: 0.05938899698508365, 2: 0.05097548038162997, 21: 0.035342296474052876, 27: 0.027476777007495092, 8: 0.02399445409576396, 28: 0.021230811293554266, 19: 0.0203829501516154, 20: 0.019973410592419305, 26: 0.005062677799959741}","{'V14': 0.0081352773359461, 'V17': 0.008098974712772211, 'V12': 0.007534426302569952, 'V10': 0.007517714596509406, 'V11': 0.006684594394864796, 'V16': 0.005929638433645579, 'V4': 0.005072768728777932, 'V3': 0.004938654529520692, 'V9': 0.004317941841810002, 'V18': 0.004151303287768027}","{'feature': {0: 'V14', 1: 'V10', 2: 'V4', 3: 'V12', 4: 'V17', 5: 'V3', 6: 'V2', 7: 'V7', 8: 'V11', 9: 'V16'}, 'importance': {0: 0.19264010575923937, 1: 0.1183843922135595, 2: 0.09974240690326742, 3: 0.0940491988225334, 4: 0.08850438177507747, 5: 0.050558082701233624, 6: 0.0441639702175726, 7: 0.04066470801485887, 8: 0.038851799210489674, 9: 0.03445821125155919}}",None
Random Forest,Undersampling,Balanced,"{11: 0.15370859892873284, 4: 0.13501392328793757, 2: 0.09058557450957187, 21: 0.035588253315357025, 19: 0.03237970130067274, 8: 0.02055210208651502, 20: 0.01938541429219227, 27: 0.016034457673705607, 28: 0.009809686547343386, 29: 0.006210969933221341}","{4: 0.06358030267593197, 11: 0.05938899698508365, 2: 0.05097548038162997, 21: 0.035342296474052876, 27: 0.027476777007495092, 8: 0.02399445409576396, 28: 0.021230811293554266, 19: 0.0203829501516154, 20: 0.019973410592419305, 26: 0.005062677799959741}","{'V14': 0.0081352773359461, 'V17': 0.008098974712772211, 'V12': 0.007534426302569952, 'V10': 0.007517714596509406, 'V11': 0.006684594394864796, 'V16': 0.005929638433645579, 'V4': 0.005072768728777932, 'V3': 0.004938654529520692, 'V9': 0.004317941841810002, 'V18': 0.004151303287768027}","{'feature': {0: 'V14', 1: 'V10', 2: 'V4', 3: 'V12', 4: 'V17', 5: 'V3', 6: 'V2', 7: 'V7', 8: 'V11', 9: 'V16'}, 'importance': {0: 0.19264010575923937, 1: 0.1183843922135595, 2: 0.09974240690326742, 3: 0.0940491988225334, 4: 0.08850438177507747, 5: 0.050558082701233624, 6: 0.0441639702175726, 7: 0.04066470801485887, 8: 0.038851799210489674, 9: 0.03445821125155919}}",None
Random Forest,SMOTE,None,"{11: 0.15370859892873284, 4: 0.13501392328793757, 2: 0.09058557450957187, 21: 0.035588253315357025, 19: 0.03237970130067274, 8: 0.02055210208651502, 20: 0.01938541429219227, 27: 0.016034457673705607, 28: 0.009809686547343386, 29: 0.006210969933221341}","{4: 0.06358030267593197, 11: 0.05938899698508365, 2: 0.05097548038162997, 21: 0.035342296474052876, 27: 0.027476777007495092, 8: 0.02399445409576396, 28: 0.021230811293554266, 19: 0.0203829501516154, 20: 0.019973410592419305, 26: 0.005062677799959741}","{'V14': 0.0081352773359461, 'V17': 0.008098974712772211, 'V12': 0.007534426302569952, 'V10': 0.007517714596509406, 'V11': 0.006684594394864796, 'V16': 0.005929638433645579, 'V4': 0.005072768728777932, 'V3': 0.004938654529520692, 'V9': 0.004317941841810002, 'V18': 0.004151303287768027}","{'feature': {0: 'V14', 1: 'V10', 2: 'V4', 3: 'V12', 4: 'V17', 5: 'V3', 6: 'V11', 7: 'V16', 8: 'V2', 9: 'V9'}, 'importance': {0: 0.21701297720617255, 1: 0.1197966254181374, 2: 0.11678891644786155, 3: 0.107500773154432, 4: 0.08624817750325686, 5: 0.07086037094249001, 6: 0.05047183132893574, 7: 0.04009596605107883, 8: 0.038845133841653896, 9: 0.028276692926234845}}",None
Random Forest,SMOTE,Balanced,"{11: 0.15370859892873284, 4: 0.13501392328793757, 2: 0.09058557450957187, 21: 0.035588253315357025, 19: 0.03237970130067274, 8: 0.02055210208651502, 20: 0.01938541429219227, 27: 0.016034457673705607, 28: 0.009809686547343386, 29: 0.006210969933221341}","{4: 0.06358030267593197, 11: 0.05938899698508365, 2: 0.05097548038162997, 21: 0.035342296474052876, 27: 0.027476777007495092, 8: 0.02399445409576396, 28: 0.021230811293554266, 19: 0.0203829501516154, 20: 0.019973410592419305, 26: 0.005062677799959741}","{'V14': 0.0081352773359461, 'V17': 0.008098974712772211, 'V12': 0.007534426302569952, 'V10': 0.007517714596509406, 'V11': 0.006684594394864796, 'V16': 0.005929638433645579, 'V4': 0.005072768728777932, 'V3': 0.004938654529520692, 'V9': 0.004317941841810002, 'V18': 0.004151303287768027}","{'feature': {0: 'V14', 1: 'V10', 2: 'V4', 3: 'V12', 4: 'V17', 5: 'V3', 6: 'V11', 7: 'V16', 8: 'V2', 9: 'V9'}, 'importance': {0: 0.21701297720617255, 1: 0.1197966254181374, 2: 0.11678891644786155, 3: 0.107500773154432, 4: 0.08624817750325686, 5: 0.07086037094249001, 6: 0.05047183132893574, 7: 0.04009596605107883, 8: 0.038845133841653896, 9: 0.028276692926234845}}",None
Random Forest,SMOTE_Tomek,None,"{11: 0.15370859892873284, 4: 0.13501392328793757, 2: 0.09058557450957187, 21: 0.035588253315357025, 19: 0.03237970130067274, 8: 0.02055210208651502, 20: 0.01938541429219227, 27: 0.016034457673705607, 28: 0.009809686547343386, 29: 0.006210969933221341}","{4: 0.06358030267593197, 11: 0.05938899698508365, 2: 0.05097548038162997, 21: 0.035342296474052876, 27: 0.027476777007495092, 8: 0.02399445409576396, 28: 0.021230811293554266, 19: 0.0203829501516154, 20: 0.019973410592419305, 26: 0.005062677799959741}","{'V14': 0.0081352773359461, 'V17': 0.008098974712772211, 'V12': 0.007534426302569952, 'V10': 0.007517714596509406, 'V11': 0.006684594394864796, 'V16': 0.005929638433645579, 'V4': 0.005072768728777932, 'V3': 0.004938654529520692, 'V9': 0.004317941841810002, 'V18': 0.004151303287768027}","{'feature': {0: 'V14', 1: 'V10', 2: 'V4', 3: 'V12', 4: 'V17', 5: 'V3', 6: 'V11', 7: 'V16', 8: 'V2', 9: 'V9'}, 'importance': {0: 0.21101587184222645, 1: 0.12038288521689983, 2: 0.11999117036804549, 3: 0.10576131055580264, 4: 0.08761814848121205, 5: 0.0766351059472899, 6: 0.04921939974411921, 7: 0.040929355926980104, 8: 0.038545866448309284, 9: 0.026024929990264182}}",None
Random Forest,SMOTE_Tomek,Balanced,"{11: 0.15370859892873284, 4: 0.13501392328793757, 2: 0.09058557450957187, 21: 0.035588253315357025, 19: 0.03237970130067274, 8: 0.02055210208651502, 20: 0.01938541429219227, 27: 0.016034457673705607, 28: 0.009809686547343386, 29: 0.006210969933221341}","{4: 0.06358030267593197, 11: 0.05938899698508365, 2: 0.05097548038162997, 21: 0.035342296474052876, 27: 0.027476777007495092, 8: 0.02399445409576396, 28: 0.021230811293554266, 19: 0.0203829501516154, 20: 0.019973410592419305, 26: 0.005062677799959741}","{'V14': 0.0081352773359461, 'V17': 0.008098974712772211, 'V12': 0.007534426302569952, 'V10': 0.007517714596509406, 'V11': 0.006684594394864796, 'V16': 0.005929638433645579, 'V4': 0.005072768728777932, 'V3': 0.004938654529520692, 'V9': 0.004317941841810002, 'V18': 0.004151303287768027}","{'feature': {0: 'V14', 1: 'V10', 2: 'V4', 3: 'V12', 4: 'V17', 5: 'V3', 6: 'V11', 7: 'V16', 8: 'V2', 9: 'V9'}, 'importance': {0: 0.21101587184222645, 1: 0.12038288521689983, 2: 0.11999117036804549, 3: 0.10576131055580264, 4: 0.08761814848121205, 5: 0.0766351059472899, 6: 0.04921939974411921, 7: 0.040929355926980104, 8: 0.038545866448309284, 9: 0.026024929990264182}}",None
Random Forest,ClusterCentroids,None,"{11: 0.15370859892873284, 4: 0.13501392328793757, 2: 0.09058557450957187, 21: 0.035588253315357025, 19: 0.03237970130067274, 8: 0.02055210208651502, 20: 0.01938541429219227, 27: 0.016034457673705607, 28: 0.009809686547343386, 29: 0.006210969933221341}","{4: 0.06358030267593197, 11: 0.05938899698508365, 2: 0.05097548038162997, 21: 0.035342296474052876, 27: 0.027476777007495092, 8: 0.02399445409576396, 28: 0.021230811293554266, 19: 0.0203829501516154, 20: 0.019973410592419305, 26: 0.005062677799959741}","{'V14': 0.0081352773359461, 'V17': 0.008098974712772211, 'V12': 0.007534426302569952, 'V10': 0.007517714596509406, 'V11': 0.006684594394864796, 'V16': 0.005929638433645579, 'V4': 0.005072768728777932, 'V3': 0.004938654529520692, 'V9': 0.004317941841810002, 'V18': 0.004151303287768027}","{'feature': {0: 'V14', 1: 'V2', 2: 'V16', 3: 'V7', 4: 'V6', 5: 'V4', 6: 'V17', 7: 'V11', 8: 'V10', 9: 'Amount'}, 'importance': {0: 0.20214831913777842, 1: 0.15237459623345645, 2: 0.11203300804167547, 3: 0.06656005389157964, 4: 0.06515335544829065, 5: 0.04941850973529993, 6: 0.04697200482460604, 7: 0.04517645065408666, 8: 0.0405040608668302, 9: 0.038403920006039705}}",None
Random Forest,ClusterCentroids,Balanced,"{11: 0.15370859892873284, 4: 0.13501392328793757, 2: 0.09058557450957187, 21: 0.035588253315357025, 19: 0.03237970130067274, 8: 0.02055210208651502, 20: 0.01938541429219227, 27: 0.016034457673705607, 28: 0.009809686547343386, 29: 0.006210969933221341}","{4: 0.06358030267593197, 11: 0.05938899698508365, 2: 0.05097548038162997, 21: 0.035342296474052876, 27: 0.027476777007495092, 8: 0.02399445409576396, 28: 0.021230811293554266, 19: 0.0203829501516154, 20: 0.019973410592419305, 26: 0.005062677799959741}","{'V14': 0.0081352773359461, 'V17': 0.008098974712772211, 'V12': 0.007534426302569952, 'V10': 0.007517714596509406, 'V11': 0.006684594394864796, 'V16': 0.005929638433645579, 'V4': 0.005072768728777932, 'V3': 0.004938654529520692, 'V9': 0.004317941841810002, 'V18': 0.004151303287768027}","{'feature': {0: 'V14', 1: 'V2', 2: 'V16', 3: 'V7', 4: 'V6', 5: 'V4', 6: 'V17', 7: 'V11', 8: 'V10', 9: 'Amount'}, 'importance': {0: 0.20214831913777842, 1: 0.15237459623345645, 2: 0.11203300804167547, 3: 0.06656005389157964, 4: 0.06515335544829065, 5: 0.04941850973529993, 6: 0.04697200482460604, 7: 0.04517645065408666, 8: 0.0405040608668302, 9: 0.038403920006039705}}",None
AdaBoost,None,None,"{11: 0.15370859892873284, 4: 0.13501392328793757, 2: 0.09058557450957187, 21: 0.035588253315357025, 19: 0.03237970130067274, 8: 0.02055210208651502, 20: 0.01938541429219227, 27: 0.016034457673705607, 28: 0.009809686547343386, 29: 0.006210969933221341}","{4: 0.06358030267593197, 11: 0.05938899698508365, 2: 0.05097548038162997, 21: 0.035342296474052876, 27: 0.027476777007495092, 8: 0.02399445409576396, 28: 0.021230811293554266, 19: 0.0203829501516154, 20: 0.019973410592419305, 26: 0.005062677799959741}","{'V14': 0.0081352773359461, 'V17': 0.008098974712772211, 'V12': 0.007534426302569952, 'V10': 0.007517714596509406, 'V11': 0.006684594394864796, 'V16': 0.005929638433645579, 'V4': 0.005072768728777932, 'V3': 0.004938654529520692, 'V9': 0.004317941841810002, 'V18': 0.004151303287768027}","{'feature': {0: 'V17', 1: 'V4', 2: 'V18', 3: 'V14', 4: 'V8', 5: 'V24', 6: 'Amount', 7: 'V26', 8: 'V3', 9: 'V10'}, 'importance': {0: 0.3379760646656395, 1: 0.1295064693452486, 2: 0.07541857049400692, 3: 0.03823207378755595, 4: 0.036903328161007484, 5: 0.03635171703518012, 6: 0.03560400854529004, 7: 0.035099609553022104, 8: 0.034461612696097516, 9: 0.03145809287676488}}",None
AdaBoost,None,Balanced,"{11: 0.15370859892873284, 4: 0.13501392328793757, 2: 0.09058557450957187, 21: 0.035588253315357025, 19: 0.03237970130067274, 8: 0.02055210208651502, 20: 0.01938541429219227, 27: 0.016034457673705607, 28: 0.009809686547343386, 29: 0.006210969933221341}","{4: 0.06358030267593197, 11: 0.05938899698508365, 2: 0.05097548038162997, 21: 0.035342296474052876, 27: 0.027476777007495092, 8: 0.02399445409576396, 28: 0.021230811293554266, 19: 0.0203829501516154, 20: 0.019973410592419305, 26: 0.005062677799959741}","{'V14': 0.0081352773359461, 'V17': 0.008098974712772211, 'V12': 0.007534426302569952, 'V10': 0.007517714596509406, 'V11': 0.006684594394864796, 'V16': 0.005929638433645579, 'V4': 0.005072768728777932, 'V3': 0.004938654529520692, 'V9': 0.004317941841810002, 'V18': 0.004151303287768027}","{'feature': {0: 'V17', 1: 'V4', 2: 'V18', 3: 'V14', 4: 'V8', 5: 'V24', 6: 'Amount', 7: 'V26', 8: 'V3', 9: 'V10'}, 'importance': {0: 0.3379760646656395, 1: 0.1295064693452486, 2: 0.07541857049400692, 3: 0.03823207378755595, 4: 0.036903328161007484, 5: 0.03635171703518012, 6: 0.03560400854529004, 7: 0.035099609553022104, 8: 0.034461612696097516, 9: 0.03145809287676488}}",None
AdaBoost,Undersampling,None,"{11: 0.15370859892873284, 4: 0.13501392328793757, 2: 0.09058557450957187, 21: 0.035588253315357025, 19: 0.03237970130067274, 8: 0.02055210208651502, 20: 0.01938541429219227, 27: 0.016034457673705607, 28: 0.009809686547343386, 29: 0.006210969933221341}","{4: 0.06358030267593197, 11: 0.05938899698508365, 2: 0.05097548038162997, 21: 0.035342296474052876, 27: 0.027476777007495092, 8: 0.02399445409576396, 28: 0.021230811293554266, 19: 0.0203829501516154, 20: 0.019973410592419305, 26: 0.005062677799959741}","{'V14': 0.0081352773359461, 'V17': 0.008098974712772211, 'V12': 0.007534426302569952, 'V10': 0.007517714596509406, 'V11': 0.006684594394864796, 'V16': 0.005929638433645579, 'V4': 0.005072768728777932, 'V3': 0.004938654529520692, 'V9': 0.004317941841810002, 'V18': 0.004151303287768027}","{'feature': {0: 'V4', 1: 'V14', 2: 'V7', 3: 'V8', 4: 'V12', 5: 'V19', 6: 'V13', 7: 'V10', 8: 'V26', 9: 'Amount'}, 'importance': {0: 0.13101501903319526, 1: 0.11610367893319821, 2: 0.0589168865131287, 3: 0.05726584315690661, 4: 0.05618225743283373, 5: 0.05443778083677795, 6: 0.05209289538574141, 7: 0.04757518974230472, 8: 0.047503256542711335, 9: 0.046231766988462736}}",None
AdaBoost,Undersampling,Balanced,"{11: 0.15370859892873284, 4: 0.13501392328793757, 2: 0.09058557450957187, 21: 0.035588253315357025, 19: 0.03237970130067274, 8: 0.02055210208651502, 20: 0.01938541429219227, 27: 0.016034457673705607, 28: 0.009809686547343386, 29: 0.006210969933221341}","{4: 0.06358030267593197, 11: 0.05938899698508365, 2: 0.05097548038162997, 21: 0.035342296474052876, 27: 0.027476777007495092, 8: 0.02399445409576396, 28: 0.021230811293554266, 19: 0.0203829501516154, 20: 0.019973410592419305, 26: 0.005062677799959741}","{'V14': 0.0081352773359461, 'V17': 0.008098974712772211, 'V12': 0.007534426302569952, 'V10': 0.007517714596509406, 'V11': 0.006684594394864796, 'V16': 0.005929638433645579, 'V4': 0.005072768728777932, 'V3': 0.004938654529520692, 'V9': 0.004317941841810002, 'V18': 0.004151303287768027}","{'feature': {0: 'V4', 1: 'V14', 2: 'V7', 3: 'V8', 4: 'V12', 5: 'V19', 6: 'V13', 7: 'V10', 8: 'V26', 9: 'Amount'}, 'importance': {0: 0.13101501903319526, 1: 0.11610367893319821, 2: 0.0589168865131287, 3: 0.05726584315690661, 4: 0.05618225743283373, 5: 0.05443778083677795, 6: 0.05209289538574141, 7: 0.04757518974230472, 8: 0.047503256542711335, 9: 0.046231766988462736}}",None
AdaBoost,SMOTE,None,"{11: 0.15370859892873284, 4: 0.13501392328793757, 2: 0.09058557450957187, 21: 0.035588253315357025, 19: 0.03237970130067274, 8: 0.02055210208651502, 20: 0.01938541429219227, 27: 0.016034457673705607, 28: 0.009809686547343386, 29: 0.006210969933221341}","{4: 0.06358030267593197, 11: 0.05938899698508365, 2: 0.05097548038162997, 21: 0.035342296474052876, 27: 0.027476777007495092, 8: 0.02399445409576396, 28: 0.021230811293554266, 19: 0.0203829501516154, 20: 0.019973410592419305, 26: 0.005062677799959741}","{'V14': 0.0081352773359461, 'V17': 0.008098974712772211, 'V12': 0.007534426302569952, 'V10': 0.007517714596509406, 'V11': 0.006684594394864796, 'V16': 0.005929638433645579, 'V4': 0.005072768728777932, 'V3': 0.004938654529520692, 'V9': 0.004317941841810002, 'V18': 0.004151303287768027}","{'feature': {0: 'V14', 1: 'V4', 2: 'V1', 3: 'V11', 4: 'V3', 5: 'V18', 6: 'V16', 7: 'V7', 8: 'V12', 9: 'V9'}, 'importance': {0: 0.19689596584935093, 1: 0.14083302464652567, 2: 0.06006990330194217, 3: 0.05217735055178105, 4: 0.04935861736913498, 5: 0.046072977780351514, 6: 0.04159352026980754, 7: 0.03945046513274848, 8: 0.03601192371180525, 9: 0.034333350617105025}}",None
AdaBoost,SMOTE,Balanced,"{11: 0.15370859892873284, 4: 0.13501392328793757, 2: 0.09058557450957187, 21: 0.035588253315357025, 19: 0.03237970130067274, 8: 0.02055210208651502, 20: 0.01938541429219227, 27: 0.016034457673705607, 28: 0.009809686547343386, 29: 0.006210969933221341}","{4: 0.06358030267593197, 11: 0.05938899698508365, 2: 0.05097548038162997, 21: 0.035342296474052876, 27: 0.027476777007495092, 8: 0.02399445409576396, 28: 0.021230811293554266, 19: 0.0203829501516154, 20: 0.019973410592419305, 26: 0.005062677799959741}","{'V14': 0.0081352773359461, 'V17': 0.008098974712772211, 'V12': 0.007534426302569952, 'V10': 0.007517714596509406, 'V11': 0.006684594394864796, 'V16': 0.005929638433645579, 'V4': 0.005072768728777932, 'V3': 0.004938654529520692, 'V9': 0.004317941841810002, 'V18': 0.004151303287768027}","{'feature': {0: 'V14', 1: 'V4', 2: 'V1', 3: 'V11', 4: 'V3', 5: 'V18', 6: 'V16', 7: 'V7', 8: 'V12', 9: 'V9'}, 'importance': {0: 0.19689596584935093, 1: 0.14083302464652567, 2: 0.06006990330194217, 3: 0.05217735055178105, 4: 0.04935861736913498, 5: 0.046072977780351514, 6: 0.04159352026980754, 7: 0.03945046513274848, 8: 0.03601192371180525, 9: 0.034333350617105025}}",None
AdaBoost,SMOTE_Tomek,None,"{11: 0.15370859892873284, 4: 0.13501392328793757, 2: 0.09058557450957187, 21: 0.035588253315357025, 19: 0.03237970130067274, 8: 0.02055210208651502, 20: 0.01938541429219227, 27: 0.016034457673705607, 28: 0.009809686547343386, 29: 0.006210969933221341}","{4: 0.06358030267593197, 11: 0.05938899698508365, 2: 0.05097548038162997, 21: 0.035342296474052876, 27: 0.027476777007495092, 8: 0.02399445409576396, 28: 0.021230811293554266, 19: 0.0203829501516154, 20: 0.019973410592419305, 26: 0.005062677799959741}","{'V14': 0.0081352773359461, 'V17': 0.008098974712772211, 'V12': 0.007534426302569952, 'V10': 0.007517714596509406, 'V11': 0.006684594394864796, 'V16': 0.005929638433645579, 'V4': 0.005072768728777932, 'V3': 0.004938654529520692, 'V9': 0.004317941841810002, 'V18': 0.004151303287768027}","{'feature': {0: 'V14', 1: 'V4', 2: 'V11', 3: 'V3', 4: 'V1', 5: 'V16', 6: 'V18', 7: 'V7', 8: 'V15', 9: 'V12'}, 'importance': {0: 0.1917246994444524, 1: 0.15220282947448321, 2: 0.05988857173024425, 3: 0.04829650896506516, 4: 0.04527005262962059, 5: 0.0423901466840804, 6: 0.04142695790362063, 7: 0.03855811038876666, 8: 0.03526275782116976, 9: 0.03523589160691426}}",None
AdaBoost,SMOTE_Tomek,Balanced,"{11: 0.15370859892873284, 4: 0.13501392328793757, 2: 0.09058557450957187, 21: 0.035588253315357025, 19: 0.03237970130067274, 8: 0.02055210208651502, 20: 0.01938541429219227, 27: 0.016034457673705607, 28: 0.009809686547343386, 29: 0.006210969933221341}","{4: 0.06358030267593197, 11: 0.05938899698508365, 2: 0.05097548038162997, 21: 0.035342296474052876, 27: 0.027476777007495092, 8: 0.02399445409576396, 28: 0.021230811293554266, 19: 0.0203829501516154, 20: 0.019973410592419305, 26: 0.005062677799959741}","{'V14': 0.0081352773359461, 'V17': 0.008098974712772211, 'V12': 0.007534426302569952, 'V10': 0.007517714596509406, 'V11': 0.006684594394864796, 'V16': 0.005929638433645579, 'V4': 0.005072768728777932, 'V3': 0.004938654529520692, 'V9': 0.004317941841810002, 'V18': 0.004151303287768027}","{'feature': {0: 'V14', 1: 'V4', 2: 'V11', 3: 'V3', 4: 'V1', 5: 'V16', 6: 'V18', 7: 'V7', 8: 'V15', 9: 'V12'}, 'importance': {0: 0.1917246994444524, 1: 0.15220282947448321, 2: 0.05988857173024425, 3: 0.04829650896506516, 4: 0.04527005262962059, 5: 0.0423901466840804, 6: 0.04142695790362063, 7: 0.03855811038876666, 8: 0.03526275782116976, 9: 0.03523589160691426}}",None
AdaBoost,ClusterCentroids,None,"{11: 0.15370859892873284, 4: 0.13501392328793757, 2: 0.09058557450957187, 21: 0.035588253315357025, 19: 0.03237970130067274, 8: 0.02055210208651502, 20: 0.01938541429219227, 27: 0.016034457673705607, 28: 0.009809686547343386, 29: 0.006210969933221341}","{4: 0.06358030267593197, 11: 0.05938899698508365, 2: 0.05097548038162997, 21: 0.035342296474052876, 27: 0.027476777007495092, 8: 0.02399445409576396, 28: 0.021230811293554266, 19: 0.0203829501516154, 20: 0.019973410592419305, 26: 0.005062677799959741}","{'V14': 0.0081352773359461, 'V17': 0.008098974712772211, 'V12': 0.007534426302569952, 'V10': 0.007517714596509406, 'V11': 0.006684594394864796, 'V16': 0.005929638433645579, 'V4': 0.005072768728777932, 'V3': 0.004938654529520692, 'V9': 0.004317941841810002, 'V18': 0.004151303287768027}","{'feature': {0: 'Amount', 1: 'V13', 2: 'V14', 3: 'V4', 4: 'V24', 5: 'V19', 6: 'V16', 7: 'V11', 8: 'V12', 9: 'V2'}, 'importance': {0: 0.1542191205565923, 1: 0.1051760512470776, 2: 0.09497332624910505, 3: 0.08230892789975106, 4: 0.07121412237252948, 5: 0.0600538859416563, 6: 0.05928893768932903, 7: 0.052509146282473405, 8: 0.04376997582809976, 9: 0.043572518789408037}}",None
AdaBoost,ClusterCentroids,Balanced,"{11: 0.15370859892873284, 4: 0.13501392328793757, 2: 0.09058557450957187, 21: 0.035588253315357025, 19: 0.03237970130067274, 8: 0.02055210208651502, 20: 0.01938541429219227, 27: 0.016034457673705607, 28: 0.009809686547343386, 29: 0.006210969933221341}","{4: 0.06358030267593197, 11: 0.05938899698508365, 2: 0.05097548038162997, 21: 0.035342296474052876, 27: 0.027476777007495092, 8: 0.02399445409576396, 28: 0.021230811293554266, 19: 0.0203829501516154, 20: 0.019973410592419305, 26: 0.005062677799959741}","{'V14': 0.0081352773359461, 'V17': 0.008098974712772211, 'V12': 0.007534426302569952, 'V10': 0.007517714596509406, 'V11': 0.006684594394864796, 'V16': 0.005929638433645579, 'V4': 0.005072768728777932, 'V3': 0.004938654529520692, 'V9': 0.004317941841810002, 'V18': 0.004151303287768027}","{'feature': {0: 'Amount', 1: 'V13', 2: 'V14', 3: 'V4', 4: 'V24', 5: 'V19', 6: 'V16', 7: 'V11', 8: 'V12', 9: 'V2'}, 'importance': {0: 0.1542191205565923, 1: 0.1051760512470776, 2: 0.09497332624910505, 3: 0.08230892789975106, 4: 0.07121412237252948, 5: 0.0600538859416563, 6: 0.05928893768932903, 7: 0.052509146282473405, 8: 0.04376997582809976, 9: 0.043572518789408037}}",None
